insert into books (id, book_uid, name, author, genre, condition) values ('1', 'f7cdc58f-2caf-4b15-9727-f89dcc629b27', 'Краткий курс C++ в 7 томах', 'Бьерн Страуструп', 'Научная фантастика', 'EXCELLENT');
insert into books (id, book_uid, name, author, genre, condition) values ('2', gen_random_uuid(), 'The Pool Boys', 'Brig Swettenham', 'Comedy', 'BAD');
insert into books (id, book_uid, name, author, genre, condition) values ('3', gen_random_uuid(), 'Dragon Fist (Long quan)', 'Reyna Imort', 'Action|Drama', 'EXCELLENT');
insert into books (id, book_uid, name, author, genre, condition) values ('4', gen_random_uuid(), 'Men of Means', 'Juliet Booker', 'Action|Drama', 'EXCELLENT');
insert into books (id, book_uid, name, author, genre, condition) values ('5', gen_random_uuid(), 'Middle Men', 'Kitty Redish', 'Comedy|Crime|Drama', 'EXCELLENT');
insert into books (id, book_uid, name, author, genre, condition) values ('6', gen_random_uuid(), 'Fast and the Furious, The', 'Joyous Rylatt', 'Action|Crime|Thriller', 'GOOD');
insert into books (id, book_uid, name, author, genre, condition) values ('7', gen_random_uuid(), 'Dancer, Texas Pop. 81', 'Rea Housbie', 'Comedy|Drama', 'BAD');
insert into books (id, book_uid, name, author, genre, condition) values ('8', gen_random_uuid(), 'Encounter in the Third Dimension', 'Titos Donat', 'IMAX', 'GOOD');
insert into books (id, book_uid, name, author, genre, condition) values ('9', gen_random_uuid(), 'Fluke', 'Reuven Catling', 'Children|Drama', 'EXCELLENT');
insert into books (id, book_uid, name, author, genre, condition) values ('10', gen_random_uuid(), 'Divine Horsemen: The Living Gods of Haiti', 'Peirce Housaman', 'Documentary', 'EXCELLENT');
insert into books (id, book_uid, name, author, genre, condition) values ('11', gen_random_uuid(), 'Strike (Stachka)', 'Kristian Wrightham', 'Drama', 'BAD');
insert into books (id, book_uid, name, author, genre, condition) values ('12', gen_random_uuid(), 'Stepfather, The', 'Ricky Klesl', 'Horror|Thriller', 'GOOD');
insert into books (id, book_uid, name, author, genre, condition) values ('13', gen_random_uuid(), 'Cave of Forgotten Dreams', 'Roda Pickerin', 'Documentary', 'BAD');
insert into books (id, book_uid, name, author, genre, condition) values ('14', gen_random_uuid(), 'Roadie', 'Ingaborg Hakonsen', 'Comedy|Drama', 'EXCELLENT');
insert into books (id, book_uid, name, author, genre, condition) values ('15', gen_random_uuid(), 'Cabin Fever', 'Lucille Giocannoni', 'Horror|Thriller', 'EXCELLENT');
insert into books (id, book_uid, name, author, genre, condition) values ('16', gen_random_uuid(), 'Big Year, The', 'Carolyn Jina', 'Comedy', 'BAD');
insert into books (id, book_uid, name, author, genre, condition) values ('17', gen_random_uuid(), 'Simon Birch', 'Lynna Speir', 'Drama', 'EXCELLENT');
insert into books (id, book_uid, name, author, genre, condition) values ('18', gen_random_uuid(), 'Amador', 'Neely Bish', 'Drama', 'GOOD');
insert into books (id, book_uid, name, author, genre, condition) values ('19', gen_random_uuid(), 'I Remember Mama', 'Lula Kubatsch', 'Children|Drama', 'EXCELLENT');
insert into books (id, book_uid, name, author, genre, condition) values ('20', gen_random_uuid(), 'Year of the Horse', 'Mildred Whieldon', 'Documentary', 'EXCELLENT');
insert into books (id, book_uid, name, author, genre, condition) values ('21', gen_random_uuid(), 'Encounter in the Third Dimension', 'Rania Thorrold', 'IMAX', 'EXCELLENT');
insert into books (id, book_uid, name, author, genre, condition) values ('22', gen_random_uuid(), 'Menace II Society', 'Berkie Males', 'Action|Crime|Drama', 'BAD');
insert into books (id, book_uid, name, author, genre, condition) values ('23', gen_random_uuid(), 'Prisoner of the Mountains (Kavkazsky plennik)', 'Rosene Sheppey', 'War', 'BAD');
insert into books (id, book_uid, name, author, genre, condition) values ('24', gen_random_uuid(), 'Before Flying Back to Earth (Pries parskrendant i zeme)', 'Opalina Woodison', 'Documentary', 'EXCELLENT');
insert into books (id, book_uid, name, author, genre, condition) values ('25', gen_random_uuid(), 'Just Another Love Story (Kærlighed på film)', 'Bennett Keiling', 'Crime|Drama|Thriller', 'EXCELLENT');
insert into books (id, book_uid, name, author, genre, condition) values ('26', gen_random_uuid(), 'Letters from a Killer', 'Wanids Gravenell', 'Crime|Drama|Mystery|Thriller', 'GOOD');
insert into books (id, book_uid, name, author, genre, condition) values ('27', gen_random_uuid(), 'Wu Tang Master (Tian shi zhuang xie)', 'Sayre Vogele', 'Action', 'EXCELLENT');
insert into books (id, book_uid, name, author, genre, condition) values ('28', gen_random_uuid(), 'Cloverfield', 'Glenine Cicutto', 'Action|Mystery|Sci-Fi|Thriller', 'EXCELLENT');
insert into books (id, book_uid, name, author, genre, condition) values ('29', gen_random_uuid(), 'Bat*21', 'Suellen Hirschmann', 'Drama|War', 'EXCELLENT');
insert into books (id, book_uid, name, author, genre, condition) values ('30', gen_random_uuid(), 'Perfect Candidate, A', 'Appolonia Vooght', 'Documentary', 'GOOD');
insert into books (id, book_uid, name, author, genre, condition) values ('31', gen_random_uuid(), 'Recollections of the Yellow House (Recordações da Casa Amarela)', 'Jarret Slad', 'Comedy|Drama', 'EXCELLENT');
insert into books (id, book_uid, name, author, genre, condition) values ('32', gen_random_uuid(), 'Lonesome Jim', 'Wileen Highwood', 'Drama|Romance', 'BAD');
insert into books (id, book_uid, name, author, genre, condition) values ('33', gen_random_uuid(), 'Portrait of Maria (María Candelaria (Xochimilco))', 'Fanchette Craigs', 'Drama|Romance', 'BAD');
insert into books (id, book_uid, name, author, genre, condition) values ('34', gen_random_uuid(), 'Darktown Strutters (Get Down and Boogie)', 'Harp Gourlie', 'Action|Comedy|Musical', 'EXCELLENT');
insert into books (id, book_uid, name, author, genre, condition) values ('35', gen_random_uuid(), 'Best Seller', 'Roobbie Ivashnyov', 'Thriller', 'EXCELLENT');
insert into books (id, book_uid, name, author, genre, condition) values ('36', gen_random_uuid(), 'Dr. Jekyll and Mr. Hyde', 'Mira Bassford', 'Drama|Horror', 'GOOD');
insert into books (id, book_uid, name, author, genre, condition) values ('37', gen_random_uuid(), 'Hello I Must Be Going', 'Todd Lummasana', 'Comedy|Drama|Romance', 'BAD');
insert into books (id, book_uid, name, author, genre, condition) values ('38', gen_random_uuid(), 'Moment After 2, The: The Awakening', 'Philbert Cristofalo', 'Drama|Sci-Fi|Thriller', 'EXCELLENT');
insert into books (id, book_uid, name, author, genre, condition) values ('39', gen_random_uuid(), 'Henry', 'Nanette Twinning', 'Comedy', 'BAD');
insert into books (id, book_uid, name, author, genre, condition) values ('40', gen_random_uuid(), 'Secret Six, The', 'Stavro Blazey', 'Crime', 'EXCELLENT');
insert into books (id, book_uid, name, author, genre, condition) values ('41', gen_random_uuid(), 'Quartet', 'Rhetta Fitkin', 'Drama|Romance', 'GOOD');
insert into books (id, book_uid, name, author, genre, condition) values ('42', gen_random_uuid(), 'Protector (Protektor)', 'Osbourn Rudkin', 'Drama', 'BAD');
insert into books (id, book_uid, name, author, genre, condition) values ('43', gen_random_uuid(), 'Café Metropole', 'Jeana Helkin', 'Comedy|Drama|Romance', 'EXCELLENT');
insert into books (id, book_uid, name, author, genre, condition) values ('44', gen_random_uuid(), 'Dark Corner, The', 'Kippy Walding', 'Crime|Drama|Film-Noir', 'EXCELLENT');
insert into books (id, book_uid, name, author, genre, condition) values ('45', gen_random_uuid(), 'Einstein and Eddington', 'Felicle Marrian', 'Drama', 'BAD');
insert into books (id, book_uid, name, author, genre, condition) values ('46', gen_random_uuid(), 'Seven Pounds', 'Olivero Antony', 'Drama', 'GOOD');
insert into books (id, book_uid, name, author, genre, condition) values ('47', gen_random_uuid(), 'Human Lanterns (Ren pi deng long)', 'Gabbi Parkhouse', 'Action|Horror', 'BAD');
insert into books (id, book_uid, name, author, genre, condition) values ('48', gen_random_uuid(), 'Bosko s Parlor Pranks', 'Sergeant Graser', 'Animation', 'BAD');
insert into books (id, book_uid, name, author, genre, condition) values ('49', gen_random_uuid(), 'Christmas in Connecticut', 'Cal Shepland', 'Comedy|Romance', 'BAD');
insert into books (id, book_uid, name, author, genre, condition) values ('50', gen_random_uuid(), 'End of St. Petersburg, The (Konets Sankt-Peterburga)', 'Victoria Sturzaker', 'Drama', 'GOOD');
insert into books (id, book_uid, name, author, genre, condition) values ('51', gen_random_uuid(), 'Starlet', 'Fairfax Feldhammer', 'Drama', 'GOOD');
insert into books (id, book_uid, name, author, genre, condition) values ('52', gen_random_uuid(), 'Client List, The', 'Putnem Cryer', 'Drama', 'EXCELLENT');
insert into books (id, book_uid, name, author, genre, condition) values ('53', gen_random_uuid(), 'Balzac and the Little Chinese Seamstress (Xiao cai feng)', 'Pete Vergine', 'Drama|Romance', 'BAD');
insert into books (id, book_uid, name, author, genre, condition) values ('54', gen_random_uuid(), 'Pebble and the Penguin, The', 'Shayne Kittel', 'Animation|Musical', 'EXCELLENT');
insert into books (id, book_uid, name, author, genre, condition) values ('55', gen_random_uuid(), 'Summertime', 'Towney O Loinn', 'Drama|Romance', 'BAD');
insert into books (id, book_uid, name, author, genre, condition) values ('56', gen_random_uuid(), 'Dossier 51 (Dossier 51, Le)', 'Hoebart O Riordan', 'Crime|Drama', 'BAD');
insert into books (id, book_uid, name, author, genre, condition) values ('57', gen_random_uuid(), 'Gabriela', 'Shelby Iacopetti', 'Comedy|Drama|Romance', 'GOOD');
insert into books (id, book_uid, name, author, genre, condition) values ('58', gen_random_uuid(), 'Vengeance Can Wait', 'Giffard Kiggel', 'Comedy|Drama|Romance', 'EXCELLENT');
insert into books (id, book_uid, name, author, genre, condition) values ('59', gen_random_uuid(), 'Destroy All Monsters (Kaijû sôshingeki)', 'Shani Orrah', 'Action|Sci-Fi|Thriller', 'BAD');
insert into books (id, book_uid, name, author, genre, condition) values ('60', gen_random_uuid(), 'Fighter', 'Janeen Deverale', 'Action|Drama|Romance', 'BAD');
insert into books (id, book_uid, name, author, genre, condition) values ('61', gen_random_uuid(), 'Children s Hour, The', 'Candy De la Eglise', 'Drama', 'BAD');
insert into books (id, book_uid, name, author, genre, condition) values ('62', gen_random_uuid(), 'Wicked Lady, The', 'Constancy Blount', 'Adventure|Drama', 'BAD');
insert into books (id, book_uid, name, author, genre, condition) values ('63', gen_random_uuid(), 'English Surgeon, The', 'Alanah MacQuist', 'Documentary', 'BAD');
insert into books (id, book_uid, name, author, genre, condition) values ('64', gen_random_uuid(), 'Assassination on the Tiber', 'Jefferson Goddert.sf', 'Action|Comedy', 'EXCELLENT');
insert into books (id, book_uid, name, author, genre, condition) values ('65', gen_random_uuid(), 'Monsieur Vincent', 'Allix Currier', 'Drama', 'GOOD');
insert into books (id, book_uid, name, author, genre, condition) values ('66', gen_random_uuid(), 'Bond Girls Are Forever', 'Rickie Liggons', 'Documentary', 'EXCELLENT');
insert into books (id, book_uid, name, author, genre, condition) values ('67', gen_random_uuid(), 'Vendetta', 'Justus Toderi', 'Action|Crime', 'BAD');
insert into books (id, book_uid, name, author, genre, condition) values ('68', gen_random_uuid(), 'Place at the Table, A', 'Dalenna Oxbie', 'Documentary', 'BAD');
insert into books (id, book_uid, name, author, genre, condition) values ('69', gen_random_uuid(), 'Rock-afire Explosion, The', 'Alikee McDonnell', 'Documentary', 'BAD');
insert into books (id, book_uid, name, author, genre, condition) values ('70', gen_random_uuid(), 'Flesh', 'Erwin Perutto', 'Drama', 'GOOD');
insert into books (id, book_uid, name, author, genre, condition) values ('71', gen_random_uuid(), 'Salt', 'Ofilia Kinchlea', 'Action|Thriller', 'GOOD');
insert into books (id, book_uid, name, author, genre, condition) values ('72', gen_random_uuid(), 'Wizard of Oz, The', 'Keir Borge', 'Adventure|Children|Comedy|Fantasy', 'BAD');
insert into books (id, book_uid, name, author, genre, condition) values ('73', gen_random_uuid(), 'Matthew s Days', 'Laurie Fincher', 'Drama', 'EXCELLENT');
insert into books (id, book_uid, name, author, genre, condition) values ('74', gen_random_uuid(), 'Wrong Turn 2: Dead End', 'Lewiss Chidler', 'Action|Horror|Thriller', 'GOOD');
insert into books (id, book_uid, name, author, genre, condition) values ('75', gen_random_uuid(), 'Underworld', 'Ber Stephens', 'Action|Fantasy|Horror', 'BAD');
insert into books (id, book_uid, name, author, genre, condition) values ('76', gen_random_uuid(), 'American Roulette', 'Danya Klamp', 'Thriller', 'BAD');
insert into books (id, book_uid, name, author, genre, condition) values ('77', gen_random_uuid(), 'Great Gatsby, The', 'Aharon Slowcock', 'Drama', 'EXCELLENT');
insert into books (id, book_uid, name, author, genre, condition) values ('78', gen_random_uuid(), 'Just Like Brothers (Comme des frères)', 'Christopher Rigardeau', 'Comedy|Drama|Romance', 'BAD');
insert into books (id, book_uid, name, author, genre, condition) values ('79', gen_random_uuid(), 'Something s Gotta Give', 'Francisco Pringley', 'Comedy|Drama|Romance', 'GOOD');
insert into books (id, book_uid, name, author, genre, condition) values ('80', gen_random_uuid(), 'Physical Evidence', 'Caprice MacCaffery', 'Crime|Thriller', 'EXCELLENT');
insert into books (id, book_uid, name, author, genre, condition) values ('81', gen_random_uuid(), 'Yacoubian Building, The (Omaret yakobean)', 'Elladine Dani', 'Drama', 'BAD');
insert into books (id, book_uid, name, author, genre, condition) values ('82', gen_random_uuid(), 'Mumia Abu-Jamal: A Case for Reasonable Doubt?', 'Berkie Cowthard', 'Documentary', 'BAD');
insert into books (id, book_uid, name, author, genre, condition) values ('83', gen_random_uuid(), 'Surplus: Terrorized Into Being Consumers', 'Joelly Kaszper', 'Documentary', 'GOOD');
insert into books (id, book_uid, name, author, genre, condition) values ('84', gen_random_uuid(), 'Longest Yard, The', 'Bertrando Bale', 'Comedy|Drama', 'BAD');
insert into books (id, book_uid, name, author, genre, condition) values ('85', gen_random_uuid(), 'Desire', 'Nyssa Couchman', 'Comedy|Crime|Romance', 'GOOD');
insert into books (id, book_uid, name, author, genre, condition) values ('86', gen_random_uuid(), 'Tiger of Eschnapur, The (Tiger von Eschnapur, Der)', 'Buddy O Hengerty', 'Adventure|Romance', 'EXCELLENT');
insert into books (id, book_uid, name, author, genre, condition) values ('87', gen_random_uuid(), 'Hostile Intentions', 'Isadore Stealy', 'Action|Drama|Thriller', 'EXCELLENT');
insert into books (id, book_uid, name, author, genre, condition) values ('88', gen_random_uuid(), 'Dead Men Walk', 'Marcel Schonfelder', 'Drama|Horror|Mystery', 'GOOD');
insert into books (id, book_uid, name, author, genre, condition) values ('89', gen_random_uuid(), 'It s in the Water', 'Pauletta MacArte', 'Comedy', 'BAD');
insert into books (id, book_uid, name, author, genre, condition) values ('90', gen_random_uuid(), 'Batman Unmasked: The Psychology of the Dark Knight', 'Stanfield Skilling', 'Documentary', 'BAD');
insert into books (id, book_uid, name, author, genre, condition) values ('91', gen_random_uuid(), 'Fog, The', 'Roxanna Draijer', 'Action|Horror|Mystery|Thriller', 'BAD');
insert into books (id, book_uid, name, author, genre, condition) values ('92', gen_random_uuid(), 'Zatoichi s Vengeance (Zatôichi no uta ga kikoeru) (Zatôichi 13)', 'Laurianne Barfford', 'Action|Drama', 'GOOD');
insert into books (id, book_uid, name, author, genre, condition) values ('93', gen_random_uuid(), 'Into the Sun', 'Jecho Matteoni', 'Action|Adventure|Thriller', 'GOOD');
insert into books (id, book_uid, name, author, genre, condition) values ('94', gen_random_uuid(), 'Free Radicals:  A History of Experimental Film', 'Paten Rottgers', 'Documentary', 'EXCELLENT');
insert into books (id, book_uid, name, author, genre, condition) values ('95', gen_random_uuid(), 'Robin Hood', 'Peggie Lorenzetti', 'Action|Adventure|Drama|Romance|War', 'EXCELLENT');
insert into books (id, book_uid, name, author, genre, condition) values ('96', gen_random_uuid(), 'Smurfs 2, The', 'Federica Hanway', 'Animation|Children|Comedy', 'BAD');
insert into books (id, book_uid, name, author, genre, condition) values ('97', gen_random_uuid(), 'Delirious', 'Cally Deesly', 'Comedy', 'EXCELLENT');
insert into books (id, book_uid, name, author, genre, condition) values ('98', gen_random_uuid(), 'Musketeers of Pig Alley, The', 'Griff Maestro', 'Crime|Drama', 'BAD');
insert into books (id, book_uid, name, author, genre, condition) values ('99', gen_random_uuid(), 'Dangerous Liaisons', 'Dewitt Agglione', 'Drama|Mystery|Romance', 'GOOD');
insert into books (id, book_uid, name, author, genre, condition) values ('100', gen_random_uuid(), 'Producers, The', 'Dee Lakeman', 'Comedy', 'BAD');
insert into books (id, book_uid, name, author, genre, condition) values ('101', gen_random_uuid(), 'Defending Your Life', 'Cordy Glew', 'Comedy|Drama|Fantasy|Romance', 'GOOD');

insert into library (id, library_uid, name, city, address) values ('1', '83575e12-7ce0-48ee-9931-51919ff3c9ee', 'Библиотека имени 7 Непьющих', 'Москва', '2-я Бауманская ул., д.5, стр.1');
insert into library (id, library_uid, name, city, address) values ('2', gen_random_uuid(), 'Salinas Valley Maximum Security Prison', 'Soledad', 'CA 93960');
insert into library (id, library_uid, name, city, address) values ('3', gen_random_uuid(), 'Bertina Ashburner', 'Villa Carlos Paz', '69 Boyd Avenue');
insert into library (id, library_uid, name, city, address) values ('4', gen_random_uuid(), 'Shay Manton', 'Kim Sơn', '224 Sycamore Plaza');
insert into library (id, library_uid, name, city, address) values ('5', gen_random_uuid(), 'Gertrude Braddick', 'Liudong', '66564 Thompson Point');
insert into library (id, library_uid, name, city, address) values ('6', gen_random_uuid(), 'Claudio Kerkham', 'Shuishi', '033 Arkansas Circle');
insert into library (id, library_uid, name, city, address) values ('7', gen_random_uuid(), 'Steffen De Luna', 'Tadine', '60092 Lakewood Gardens Way');
insert into library (id, library_uid, name, city, address) values ('8', gen_random_uuid(), 'Tuck Nicolson', 'Veghel', '2728 Meadow Vale Hill');
insert into library (id, library_uid, name, city, address) values ('9', gen_random_uuid(), 'Therese Mengue', 'Kaduheuleut', '06 Gateway Alley');
insert into library (id, library_uid, name, city, address) values ('10', gen_random_uuid(), 'Vladamir Premble', 'Taytayan', '74 Hoard Plaza');
insert into library (id, library_uid, name, city, address) values ('11', gen_random_uuid(), 'Raul Dudek', 'Chicago', '12 Fuller Junction');
insert into library (id, library_uid, name, city, address) values ('12', gen_random_uuid(), 'Jack Berka', 'Serzedo', '970 Delladonna Trail');

insert into library_books (book_id, library_id, available_count) values ('1', '1', '1');
insert into library_books (book_id, library_id, available_count) values ('13', '6', '1');
insert into library_books (book_id, library_id, available_count) values ('23', '11', '1');
insert into library_books (book_id, library_id, available_count) values ('2', '10', '1');
insert into library_books (book_id, library_id, available_count) values ('39', '2', '1');
insert into library_books (book_id, library_id, available_count) values ('1', '11', '1');
insert into library_books (book_id, library_id, available_count) values ('67', '9', '1');
insert into library_books (book_id, library_id, available_count) values ('31', '2', '1');
insert into library_books (book_id, library_id, available_count) values ('50', '12', '1');
insert into library_books (book_id, library_id, available_count) values ('12', '5', '1');
insert into library_books (book_id, library_id, available_count) values ('41', '11', '1');
insert into library_books (book_id, library_id, available_count) values ('49', '10', '1');
insert into library_books (book_id, library_id, available_count) values ('51', '6', '1');
insert into library_books (book_id, library_id, available_count) values ('29', '2', '1');
insert into library_books (book_id, library_id, available_count) values ('94', '4', '1');
insert into library_books (book_id, library_id, available_count) values ('87', '10', '1');
insert into library_books (book_id, library_id, available_count) values ('70', '3', '1');
insert into library_books (book_id, library_id, available_count) values ('22', '2', '1');
insert into library_books (book_id, library_id, available_count) values ('92', '5', '1');
insert into library_books (book_id, library_id, available_count) values ('100', '3', '1');
insert into library_books (book_id, library_id, available_count) values ('46', '3', '1');
insert into library_books (book_id, library_id, available_count) values ('80', '3', '1');
insert into library_books (book_id, library_id, available_count) values ('71', '1', '1');
insert into library_books (book_id, library_id, available_count) values ('40', '12', '1');
insert into library_books (book_id, library_id, available_count) values ('101', '8', '1');
insert into library_books (book_id, library_id, available_count) values ('82', '4', '1');
insert into library_books (book_id, library_id, available_count) values ('39', '10', '1');
insert into library_books (book_id, library_id, available_count) values ('98', '11', '1');
insert into library_books (book_id, library_id, available_count) values ('13', '11', '1');
insert into library_books (book_id, library_id, available_count) values ('69', '11', '1');
insert into library_books (book_id, library_id, available_count) values ('16', '1', '1');
insert into library_books (book_id, library_id, available_count) values ('11', '11', '1');
insert into library_books (book_id, library_id, available_count) values ('101', '8', '1');
insert into library_books (book_id, library_id, available_count) values ('33', '12', '1');
insert into library_books (book_id, library_id, available_count) values ('53', '6', '1');
insert into library_books (book_id, library_id, available_count) values ('81', '8', '1');
insert into library_books (book_id, library_id, available_count) values ('34', '1', '1');
insert into library_books (book_id, library_id, available_count) values ('48', '3', '1');
insert into library_books (book_id, library_id, available_count) values ('65', '5', '1');
insert into library_books (book_id, library_id, available_count) values ('1', '11', '1');
insert into library_books (book_id, library_id, available_count) values ('76', '11', '1');
insert into library_books (book_id, library_id, available_count) values ('1', '4', '1');
insert into library_books (book_id, library_id, available_count) values ('63', '2', '1');
insert into library_books (book_id, library_id, available_count) values ('60', '4', '1');
insert into library_books (book_id, library_id, available_count) values ('99', '2', '1');
insert into library_books (book_id, library_id, available_count) values ('85', '5', '1');
insert into library_books (book_id, library_id, available_count) values ('90', '7', '1');
insert into library_books (book_id, library_id, available_count) values ('1', '7', '1');
insert into library_books (book_id, library_id, available_count) values ('88', '6', '1');
insert into library_books (book_id, library_id, available_count) values ('52', '10', '1');
insert into library_books (book_id, library_id, available_count) values ('54', '5', '1');
insert into library_books (book_id, library_id, available_count) values ('32', '12', '1');
insert into library_books (book_id, library_id, available_count) values ('84', '2', '1');
insert into library_books (book_id, library_id, available_count) values ('91', '2', '1');
insert into library_books (book_id, library_id, available_count) values ('68', '3', '1');
insert into library_books (book_id, library_id, available_count) values ('32', '1', '1');
insert into library_books (book_id, library_id, available_count) values ('97', '12', '1');
insert into library_books (book_id, library_id, available_count) values ('93', '12', '1');
insert into library_books (book_id, library_id, available_count) values ('12', '3', '1');
insert into library_books (book_id, library_id, available_count) values ('6', '3', '1');
insert into library_books (book_id, library_id, available_count) values ('58', '11', '1');
insert into library_books (book_id, library_id, available_count) values ('42', '11', '1');
insert into library_books (book_id, library_id, available_count) values ('30', '11', '1');
insert into library_books (book_id, library_id, available_count) values ('29', '11', '1');
insert into library_books (book_id, library_id, available_count) values ('67', '9', '1');
insert into library_books (book_id, library_id, available_count) values ('17', '12', '1');
insert into library_books (book_id, library_id, available_count) values ('83', '8', '1');
insert into library_books (book_id, library_id, available_count) values ('36', '6', '1');
insert into library_books (book_id, library_id, available_count) values ('55', '10', '1');
insert into library_books (book_id, library_id, available_count) values ('29', '4', '1');
insert into library_books (book_id, library_id, available_count) values ('20', '1', '1');
insert into library_books (book_id, library_id, available_count) values ('41', '3', '1');
insert into library_books (book_id, library_id, available_count) values ('56', '6', '1');
insert into library_books (book_id, library_id, available_count) values ('33', '10', '1');
insert into library_books (book_id, library_id, available_count) values ('75', '6', '1');
insert into library_books (book_id, library_id, available_count) values ('23', '12', '1');
insert into library_books (book_id, library_id, available_count) values ('85', '2', '1');
insert into library_books (book_id, library_id, available_count) values ('29', '8', '1');
insert into library_books (book_id, library_id, available_count) values ('58', '8', '1');
insert into library_books (book_id, library_id, available_count) values ('67', '1', '1');
insert into library_books (book_id, library_id, available_count) values ('14', '5', '1');
insert into library_books (book_id, library_id, available_count) values ('86', '4', '1');
insert into library_books (book_id, library_id, available_count) values ('28', '9', '1');
insert into library_books (book_id, library_id, available_count) values ('26', '7', '1');
insert into library_books (book_id, library_id, available_count) values ('22', '8', '1');
insert into library_books (book_id, library_id, available_count) values ('62', '8', '1');
insert into library_books (book_id, library_id, available_count) values ('82', '9', '1');
insert into library_books (book_id, library_id, available_count) values ('6', '12', '1');
insert into library_books (book_id, library_id, available_count) values ('78', '5', '1');
insert into library_books (book_id, library_id, available_count) values ('40', '8', '1');
insert into library_books (book_id, library_id, available_count) values ('68', '1', '1');
insert into library_books (book_id, library_id, available_count) values ('5', '6', '1');
insert into library_books (book_id, library_id, available_count) values ('51', '2', '1');
insert into library_books (book_id, library_id, available_count) values ('34', '4', '1');
insert into library_books (book_id, library_id, available_count) values ('5', '8', '1');
insert into library_books (book_id, library_id, available_count) values ('47', '8', '1');
insert into library_books (book_id, library_id, available_count) values ('26', '5', '1');
insert into library_books (book_id, library_id, available_count) values ('67', '9', '1');
insert into library_books (book_id, library_id, available_count) values ('28', '7', '1');
insert into library_books (book_id, library_id, available_count) values ('80', '2', '1');
insert into library_books (book_id, library_id, available_count) values ('12', '12', '1');
insert into library_books (book_id, library_id, available_count) values ('16', '11', '1');
insert into library_books (book_id, library_id, available_count) values ('87', '9', '1');
insert into library_books (book_id, library_id, available_count) values ('58', '9', '1');
insert into library_books (book_id, library_id, available_count) values ('99', '12', '1');
insert into library_books (book_id, library_id, available_count) values ('85', '12', '1');
insert into library_books (book_id, library_id, available_count) values ('100', '3', '1');
insert into library_books (book_id, library_id, available_count) values ('38', '1', '1');
insert into library_books (book_id, library_id, available_count) values ('71', '11', '1');
insert into library_books (book_id, library_id, available_count) values ('9', '1', '1');
insert into library_books (book_id, library_id, available_count) values ('3', '9', '1');
insert into library_books (book_id, library_id, available_count) values ('45', '9', '1');
insert into library_books (book_id, library_id, available_count) values ('46', '5', '1');
insert into library_books (book_id, library_id, available_count) values ('49', '1', '1');
insert into library_books (book_id, library_id, available_count) values ('60', '5', '1');
insert into library_books (book_id, library_id, available_count) values ('81', '2', '1');
insert into library_books (book_id, library_id, available_count) values ('26', '3', '1');
insert into library_books (book_id, library_id, available_count) values ('62', '12', '1');
insert into library_books (book_id, library_id, available_count) values ('64', '3', '1');
insert into library_books (book_id, library_id, available_count) values ('47', '9', '1');
insert into library_books (book_id, library_id, available_count) values ('83', '8', '1');
insert into library_books (book_id, library_id, available_count) values ('41', '7', '1');
insert into library_books (book_id, library_id, available_count) values ('59', '5', '1');
insert into library_books (book_id, library_id, available_count) values ('27', '7', '1');
insert into library_books (book_id, library_id, available_count) values ('13', '2', '1');
insert into library_books (book_id, library_id, available_count) values ('88', '12', '1');
insert into library_books (book_id, library_id, available_count) values ('16', '10', '1');
insert into library_books (book_id, library_id, available_count) values ('50', '6', '1');
insert into library_books (book_id, library_id, available_count) values ('34', '3', '1');
insert into library_books (book_id, library_id, available_count) values ('40', '5', '1');
insert into library_books (book_id, library_id, available_count) values ('2', '10', '1');
insert into library_books (book_id, library_id, available_count) values ('31', '7', '1');
insert into library_books (book_id, library_id, available_count) values ('94', '9', '1');
insert into library_books (book_id, library_id, available_count) values ('78', '7', '1');
insert into library_books (book_id, library_id, available_count) values ('43', '12', '1');
insert into library_books (book_id, library_id, available_count) values ('88', '1', '1');
insert into library_books (book_id, library_id, available_count) values ('39', '5', '1');
insert into library_books (book_id, library_id, available_count) values ('66', '9', '1');
insert into library_books (book_id, library_id, available_count) values ('9', '9', '1');
insert into library_books (book_id, library_id, available_count) values ('69', '2', '1');
insert into library_books (book_id, library_id, available_count) values ('75', '11', '1');
insert into library_books (book_id, library_id, available_count) values ('61', '6', '1');
insert into library_books (book_id, library_id, available_count) values ('85', '2', '1');
insert into library_books (book_id, library_id, available_count) values ('30', '1', '1');
insert into library_books (book_id, library_id, available_count) values ('88', '3', '1');
insert into library_books (book_id, library_id, available_count) values ('16', '8', '1');
insert into library_books (book_id, library_id, available_count) values ('36', '9', '1');
insert into library_books (book_id, library_id, available_count) values ('90', '6', '1');
insert into library_books (book_id, library_id, available_count) values ('73', '8', '1');
insert into library_books (book_id, library_id, available_count) values ('70', '5', '1');
insert into library_books (book_id, library_id, available_count) values ('29', '7', '1');
insert into library_books (book_id, library_id, available_count) values ('97', '8', '1');
insert into library_books (book_id, library_id, available_count) values ('2', '10', '1');
insert into library_books (book_id, library_id, available_count) values ('19', '11', '1');
insert into library_books (book_id, library_id, available_count) values ('79', '9', '1');
insert into library_books (book_id, library_id, available_count) values ('45', '6', '1');
insert into library_books (book_id, library_id, available_count) values ('3', '3', '1');
insert into library_books (book_id, library_id, available_count) values ('16', '5', '1');
insert into library_books (book_id, library_id, available_count) values ('78', '3', '1');
insert into library_books (book_id, library_id, available_count) values ('69', '3', '1');
insert into library_books (book_id, library_id, available_count) values ('29', '7', '1');
insert into library_books (book_id, library_id, available_count) values ('63', '8', '1');
insert into library_books (book_id, library_id, available_count) values ('2', '3', '1');
insert into library_books (book_id, library_id, available_count) values ('19', '10', '1');
insert into library_books (book_id, library_id, available_count) values ('83', '4', '1');
insert into library_books (book_id, library_id, available_count) values ('17', '1', '1');
insert into library_books (book_id, library_id, available_count) values ('33', '4', '1');
insert into library_books (book_id, library_id, available_count) values ('12', '5', '1');
insert into library_books (book_id, library_id, available_count) values ('83', '11', '1');
insert into library_books (book_id, library_id, available_count) values ('17', '11', '1');
insert into library_books (book_id, library_id, available_count) values ('13', '8', '1');
insert into library_books (book_id, library_id, available_count) values ('9', '10', '1');
insert into library_books (book_id, library_id, available_count) values ('63', '12', '1');
insert into library_books (book_id, library_id, available_count) values ('62', '3', '1');
insert into library_books (book_id, library_id, available_count) values ('95', '3', '1');
insert into library_books (book_id, library_id, available_count) values ('22', '3', '1');
insert into library_books (book_id, library_id, available_count) values ('57', '11', '1');
insert into library_books (book_id, library_id, available_count) values ('96', '6', '1');
insert into library_books (book_id, library_id, available_count) values ('94', '2', '1');
insert into library_books (book_id, library_id, available_count) values ('32', '3', '1');
insert into library_books (book_id, library_id, available_count) values ('38', '4', '1');
insert into library_books (book_id, library_id, available_count) values ('65', '2', '1');
insert into library_books (book_id, library_id, available_count) values ('59', '6', '1');
insert into library_books (book_id, library_id, available_count) values ('75', '5', '1');
insert into library_books (book_id, library_id, available_count) values ('82', '12', '1');
insert into library_books (book_id, library_id, available_count) values ('26', '2', '1');
insert into library_books (book_id, library_id, available_count) values ('49', '12', '1');
insert into library_books (book_id, library_id, available_count) values ('6', '9', '1');
insert into library_books (book_id, library_id, available_count) values ('94', '8', '1');
insert into library_books (book_id, library_id, available_count) values ('2', '8', '1');
insert into library_books (book_id, library_id, available_count) values ('18', '6', '1');
insert into library_books (book_id, library_id, available_count) values ('47', '11', '1');
insert into library_books (book_id, library_id, available_count) values ('78', '8', '1');
insert into library_books (book_id, library_id, available_count) values ('94', '4', '1');
insert into library_books (book_id, library_id, available_count) values ('53', '2', '1');
insert into library_books (book_id, library_id, available_count) values ('36', '11', '1');
insert into library_books (book_id, library_id, available_count) values ('10', '11', '1');
insert into library_books (book_id, library_id, available_count) values ('87', '5', '1');
insert into library_books (book_id, library_id, available_count) values ('61', '5', '1');
insert into library_books (book_id, library_id, available_count) values ('76', '3', '1');